insert into CLIENTEENTITY (ID, CEDULA, NAME, CORREO, IMAGEN, TELEFONO) values (1, '1011795951', 'Alma Souttar', 'asouttar0@vinaora.com', 'http://dummyimage.com/153x196.bmp/dddddd/000000', '126-302-1146');
insert into CLIENTEENTITY (ID, CEDULA, NAME, CORREO, IMAGEN, TELEFONO) values (2, '1013349213', 'Nicki Grabert', 'ngrabert1@smugmug.com', 'http://dummyimage.com/230x222.bmp/dddddd/000000', '463-676-6878');
insert into CLIENTEENTITY (ID, CEDULA, NAME, CORREO, IMAGEN, TELEFONO) values (3, '1018354401', 'Megen Lorkin', 'mlorkin2@biglobe.ne.jp', 'http://dummyimage.com/167x147.bmp/5fa2dd/ffffff', '411-584-6886');
insert into CLIENTEENTITY (ID, CEDULA, NAME, CORREO, IMAGEN, TELEFONO) values (4, '1020630370', 'Zena Petrelli', 'zpetrelli3@angelfire.com', 'http://dummyimage.com/114x103.jpg/5fa2dd/ffffff', '607-323-1331');
insert into CLIENTEENTITY (ID, CEDULA, NAME, CORREO, IMAGEN, TELEFONO) values (5, '1018169938', 'Perry Sunner', 'psunner4@reference.com', 'http://dummyimage.com/143x192.png/5fa2dd/ffffff', '625-550-6983');
insert into CLIENTEENTITY (ID, CEDULA, NAME, CORREO, IMAGEN, TELEFONO) values (6, '1017287651', 'Kariotta Boote', 'kboote5@unc.edu', 'http://dummyimage.com/206x103.bmp/cc0000/ffffff', '146-734-1601');
insert into CLIENTEENTITY (ID, CEDULA, NAME, CORREO, IMAGEN, TELEFONO) values (7, '1017483534', 'Annamaria Dennerley', 'adennerley6@newyorker.com', 'http://dummyimage.com/229x184.bmp/5fa2dd/ffffff', '645-316-6715');
insert into CLIENTEENTITY (ID, CEDULA, NAME, CORREO, IMAGEN, TELEFONO) values (8, '1012230872', 'Alison Cassell', 'acassell7@nhs.uk', 'http://dummyimage.com/140x151.jpg/cc0000/ffffff', '219-499-3387');
insert into CLIENTEENTITY (ID, CEDULA, NAME, CORREO, IMAGEN, TELEFONO) values (9, '1015366690', 'Ginni Normanville', 'gnormanville8@goodreads.com', 'http://dummyimage.com/178x161.bmp/5fa2dd/ffffff', '277-356-4858');
insert into CLIENTEENTITY (ID, CEDULA, NAME, CORREO, IMAGEN, TELEFONO) values (10, '1020827355', 'Marwin Mattioni', 'mmattioni9@nydailynews.com', 'http://dummyimage.com/238x103.png/5fa2dd/ffffff', '152-656-9092');
insert into CLIENTEENTITY (ID, CEDULA, NAME, CORREO, IMAGEN, TELEFONO) values (11, '1015206828', 'Jania Sharp', 'jsharpa@dion.ne.jp', 'http://dummyimage.com/148x211.bmp/dddddd/000000', '687-964-8326');
insert into CLIENTEENTITY (ID, CEDULA, NAME, CORREO, IMAGEN, TELEFONO) values (12, '1016167223', 'Melisse Titcomb', 'mtitcombb@cyberchimps.com', 'http://dummyimage.com/236x110.bmp/5fa2dd/ffffff', '589-146-2918');
insert into CLIENTEENTITY (ID, CEDULA, NAME, CORREO, IMAGEN, TELEFONO) values (13, '1015215499', 'Calida Djakovic', 'cdjakovicc@simplemachines.org', 'http://dummyimage.com/153x190.png/dddddd/000000', '625-786-3660');
insert into CLIENTEENTITY (ID, CEDULA, NAME, CORREO, IMAGEN, TELEFONO) values (14, '1017045281', 'Cordi Legonidec', 'clegonidecd@blog.com', 'http://dummyimage.com/196x209.bmp/cc0000/ffffff', '681-291-5474');
insert into CLIENTEENTITY (ID, CEDULA, NAME, CORREO, IMAGEN, TELEFONO) values (15, '1016102678', 'Magdaia Pentycross', 'mpentycrosse@prweb.com', 'http://dummyimage.com/181x201.png/dddddd/000000', '311-689-9809');
insert into CLIENTEENTITY (ID, CEDULA, NAME, CORREO, IMAGEN, TELEFONO) values (16, '1013863535', 'Harli Cobon', 'hcobonf@businessinsider.com', 'http://dummyimage.com/140x103.bmp/dddddd/000000', '779-487-5503');
insert into CLIENTEENTITY (ID, CEDULA, NAME, CORREO, IMAGEN, TELEFONO) values (17, '1019051109', 'Tab Peffer', 'tpefferg@utexas.edu', 'http://dummyimage.com/235x102.jpg/5fa2dd/ffffff', '290-678-3936');
insert into CLIENTEENTITY (ID, CEDULA, NAME, CORREO, IMAGEN, TELEFONO) values (18, '1010259847', 'Kesley Kynastone', 'kkynastoneh@devhub.com', 'http://dummyimage.com/209x215.png/cc0000/ffffff', '522-581-3764');
insert into CLIENTEENTITY (ID, CEDULA, NAME, CORREO, IMAGEN, TELEFONO) values (19, '1016567700', 'Marv Coal', 'mcoali@desdev.cn', 'http://dummyimage.com/111x159.png/5fa2dd/ffffff', '991-580-5991');
insert into CLIENTEENTITY (ID, CEDULA, NAME, CORREO, IMAGEN, TELEFONO) values (20, '1013310158', 'Cristin Saph', 'csaphj@netvibes.com', 'http://dummyimage.com/214x115.bmp/cc0000/ffffff', '517-946-1278');

insert into MASCOTAENTITY (ID, COLOR, NAME, RAZA, SEXO, CLIENTE_ID) values (1, 'Aquamarine', 'Bertrando', 'Blackish oystercatcher', 'Male', 3);
insert into MASCOTAENTITY (ID, COLOR, NAME, RAZA, SEXO, CLIENTE_ID) values (2, 'Orange', 'Jonah', 'Black-crowned night heron', 'Male', 10);
insert into MASCOTAENTITY (ID, COLOR, NAME, RAZA, SEXO, CLIENTE_ID) values (3, 'Indigo', 'Daile', 'Egyptian vulture', 'Female', 8);
insert into MASCOTAENTITY (ID, COLOR, NAME, RAZA, SEXO, CLIENTE_ID) values (4, 'Fuscia', 'Kally', 'Egyptian vulture', 'Female', 4);
insert into MASCOTAENTITY (ID, COLOR, NAME, RAZA, SEXO, CLIENTE_ID) values (5, 'Red', 'Cate', 'Barbet, crested', 'Female', 8);
insert into MASCOTAENTITY (ID, COLOR, NAME, RAZA, SEXO, CLIENTE_ID) values (6, 'Mauv', 'Diego', 'Goose, greylag', 'Male', 6);
insert into MASCOTAENTITY (ID, COLOR, NAME, RAZA, SEXO, CLIENTE_ID) values (7, 'Crimson', 'Buck', 'Duck, white-faced whistling', 'Male', 5);
insert into MASCOTAENTITY (ID, COLOR, NAME, RAZA, SEXO, CLIENTE_ID) values (8, 'Turquoise', 'Franciskus', 'Bontebok', 'Male', 7);
insert into MASCOTAENTITY (ID, COLOR, NAME, RAZA, SEXO, CLIENTE_ID) values (9, 'Violet', 'Missy', 'Desert spiny lizard', 'Female', 3);
insert into MASCOTAENTITY (ID, COLOR, NAME, RAZA, SEXO, CLIENTE_ID) values (10, 'Maroon', 'Vic', 'Badger, eurasian', 'Male', 1);
insert into MASCOTAENTITY (ID, COLOR, NAME, RAZA, SEXO, CLIENTE_ID) values (11, 'Orange', 'Michael', 'Vulture, white-headed', 'Male', 7);
insert into MASCOTAENTITY (ID, COLOR, NAME, RAZA, SEXO, CLIENTE_ID) values (12, 'Khaki', 'Seth', 'Sulfur-crested cockatoo', 'Male', 2);
insert into MASCOTAENTITY (ID, COLOR, NAME, RAZA, SEXO, CLIENTE_ID) values (13, 'Violet', 'Devin', 'Swamp deer', 'Male', 6);
insert into MASCOTAENTITY (ID, COLOR, NAME, RAZA, SEXO, CLIENTE_ID) values (14, 'Khaki', 'Leighton', 'Otter, oriental short-clawed', 'Male', 2);
insert into MASCOTAENTITY (ID, COLOR, NAME, RAZA, SEXO, CLIENTE_ID) values (15, 'Crimson', 'Sunny', 'Squirrel glider', 'Male', 4);
insert into MASCOTAENTITY (ID, COLOR, NAME, RAZA, SEXO, CLIENTE_ID) values (16, 'Purple', 'Rad', 'Tortoise, burmese black mountain', 'Male', 2);
insert into MASCOTAENTITY (ID, COLOR, NAME, RAZA, SEXO, CLIENTE_ID) values (17, 'Purple', 'Darcy', 'Hanuman langur', 'Male', 2);
insert into MASCOTAENTITY (ID, COLOR, NAME, RAZA, SEXO, CLIENTE_ID) values (18, 'Blue', 'Kacie', 'Blue-tongued skink', 'Female', 7);
insert into MASCOTAENTITY (ID, COLOR, NAME, RAZA, SEXO, CLIENTE_ID) values (19, 'Teal', 'Connie', 'Marten, american', 'Female', 6);
insert into MASCOTAENTITY (ID, COLOR, NAME, RAZA, SEXO, CLIENTE_ID) values (20, 'Teal', 'Elfrieda', 'Waterbuck, common', 'Female', 3);

insert into CLIENTEENTITY_MASCOTAENTITY (CLIENTEENTITY_ID, MASCOTAS_ID) values (1, 10);
insert into CLIENTEENTITY_MASCOTAENTITY (CLIENTEENTITY_ID, MASCOTAS_ID) values (2, 12);
insert into CLIENTEENTITY_MASCOTAENTITY (CLIENTEENTITY_ID, MASCOTAS_ID) values (2, 14);
insert into CLIENTEENTITY_MASCOTAENTITY (CLIENTEENTITY_ID, MASCOTAS_ID) values (2, 15);
insert into CLIENTEENTITY_MASCOTAENTITY (CLIENTEENTITY_ID, MASCOTAS_ID) values (2, 16);
insert into CLIENTEENTITY_MASCOTAENTITY (CLIENTEENTITY_ID, MASCOTAS_ID) values (2, 17);
insert into CLIENTEENTITY_MASCOTAENTITY (CLIENTEENTITY_ID, MASCOTAS_ID) values (3, 1);
insert into CLIENTEENTITY_MASCOTAENTITY (CLIENTEENTITY_ID, MASCOTAS_ID) values (3, 9);
insert into CLIENTEENTITY_MASCOTAENTITY (CLIENTEENTITY_ID, MASCOTAS_ID) values (3, 20);
insert into CLIENTEENTITY_MASCOTAENTITY (CLIENTEENTITY_ID, MASCOTAS_ID) values (4, 4);
insert into CLIENTEENTITY_MASCOTAENTITY (CLIENTEENTITY_ID, MASCOTAS_ID) values (5, 7);
insert into CLIENTEENTITY_MASCOTAENTITY (CLIENTEENTITY_ID, MASCOTAS_ID) values (6, 6);
insert into CLIENTEENTITY_MASCOTAENTITY (CLIENTEENTITY_ID, MASCOTAS_ID) values (6, 13);
insert into CLIENTEENTITY_MASCOTAENTITY (CLIENTEENTITY_ID, MASCOTAS_ID) values (6, 19);
insert into CLIENTEENTITY_MASCOTAENTITY (CLIENTEENTITY_ID, MASCOTAS_ID) values (7, 8);
insert into CLIENTEENTITY_MASCOTAENTITY (CLIENTEENTITY_ID, MASCOTAS_ID) values (7, 11);
insert into CLIENTEENTITY_MASCOTAENTITY (CLIENTEENTITY_ID, MASCOTAS_ID) values (7, 18);
insert into CLIENTEENTITY_MASCOTAENTITY (CLIENTEENTITY_ID, MASCOTAS_ID) values (8, 3);
insert into CLIENTEENTITY_MASCOTAENTITY (CLIENTEENTITY_ID, MASCOTAS_ID) values (8, 5);
insert into CLIENTEENTITY_MASCOTAENTITY (CLIENTEENTITY_ID, MASCOTAS_ID) values (10, 2);